,timestamp,player_name,pass_recipient_name,game_id,period_id,time_seconds,team_id,player_id,start_x,start_y,end_x,end_y,type_id,result_id,bodypart_id,action_id,type_name,result_name,bodypart_name,country_id,country_name,extra,jersey_number,player_nickname,team_name,scores,concedes,offensive_value,defensive_value,vaep_value
0,00:00:24.360,Raphaël Guerreiro,Bruno Fernandes,7576,1,24.0,780,5209,33.52941176470588,66.27848101265823,43.23529411764706,64.55696202531645,0,1,0,20,pass,success,foot,183.0,Portugal,{},5.0,Raphaël Guerreiro,Portugal,0.0036727548576891422,0.0009154480067081749,0.0022540214704349637,0.0019667166634462774,0.004220738133881241
1,00:00:33.960,Raphaël Guerreiro,William Carvalho,7576,1,33.0,780,5209,28.235294117647058,67.13924050632912,30.0,59.392405063291136,2,1,0,23,throw_in,success,foot,183.0,Portugal,{},5.0,Raphaël Guerreiro,Portugal,0.0018138247542083263,0.0016482686623930931,0.0005953360814601183,0.0013862177729606628,0.001981553854420781
2,00:00:34.840,William Carvalho,Raphaël Guerreiro,7576,1,34.0,780,5214,30.0,60.25316455696203,27.35294117647059,65.41772151898734,0,1,0,24,pass,success,foot,183.0,Portugal,{},14.0,William Carvalho,Portugal,0.0021308925934135914,0.0014514218783006072,0.00031706783920526505,0.0001968467840924859,0.000513914623297751
3,00:00:51.280,Bernardo Silva,Cristiano Ronaldo,7576,1,51.0,780,3193,82.05882352941177,11.189873417721515,87.3529411764706,2.5822784810126507,0,1,0,34,pass,success,foot,183.0,Portugal,{},11.0,Bernardo Silva,Portugal,0.015427745878696442,0.0005461398395709693,-0.0033951960504055023,4.807638470083475e-05,
4,00:00:54.880,Cristiano Ronaldo,Cédric Soares,7576,1,54.0,780,5207,83.82352941176471,6.88607594936709,75.88235294117646,2.5822784810126507,0,1,0,36,pass,success,foot,183.0,Portugal,{},7.0,Cristiano Ronaldo,Portugal,0.008144792169332504,0.0005645399214699864,-0.0055644335225224495,4.744547186419368e-05,
5,00:00:56.360,Cédric Soares,João Moutinho,7576,1,56.0,780,3329,75.88235294117646,1.7215189873417671,70.58823529411765,6.025316455696206,0,1,0,38,pass,success,foot,183.0,Portugal,{},21.0,Cédric Soares,Portugal,0.007967605255544186,0.0005645399214699864,-0.0008918801322579384,2.9676302801817656e-05,
6,00:00:58.853,João Moutinho,Pepe,7576,1,58.0,780,3168,63.52941176470588,24.10126582278481,42.35294117647059,25.822784810126585,0,1,0,40,pass,success,foot,183.0,Portugal,{},8.0,João Moutinho,Portugal,0.003691548015922308,0.0011503980495035648,-0.00439539784565568,-0.0003324375138618052,
7,00:01:05.240,Pepe,William Carvalho,7576,1,65.0,780,20016,44.11764705882353,27.54430379746836,45.88235294117647,41.31645569620253,0,1,0,42,pass,success,foot,183.0,Portugal,{},3.0,Pepe,Portugal,0.00533510185778141,0.0010498440824449062,-4.557007923722267e-05,0.00022926600649952888,0.0001836959272623062
8,00:01:09.280,William Carvalho,Raphaël Guerreiro,7576,1,69.0,780,5214,54.70588235294118,45.620253164556964,67.05882352941175,66.27848101265823,0,1,0,44,pass,success,foot,183.0,Portugal,{},14.0,William Carvalho,Portugal,0.008428397588431835,0.0006076417048461735,-0.00014071445912122726,0.0005089983460493386,0.0003682838869281113
9,00:01:11.933,Raphaël Guerreiro,William Carvalho,7576,1,71.0,780,5209,66.17647058823529,66.27848101265823,60.88235294117648,55.949367088607595,0,1,0,46,pass,success,foot,183.0,Portugal,{},5.0,Raphaël Guerreiro,Portugal,0.005740470252931118,0.0005741491331718862,-0.0002803802490234375,-4.6835863031446934e-05,
10,00:01:14.360,William Carvalho,Raphaël Guerreiro,7576,1,74.0,780,5214,60.88235294117648,55.949367088607595,67.94117647058823,65.41772151898734,0,1,0,48,pass,success,foot,183.0,Portugal,{},14.0,William Carvalho,Portugal,0.008355015888810158,0.0006076417048461735,0.0015679164789617062,0.00017159106209874153,0.0017395075410604477
11,00:01:16.680,Raphaël Guerreiro,Bruno Fernandes,7576,1,76.0,780,5209,77.64705882352942,66.27848101265823,89.11764705882352,57.67088607594937,0,1,0,50,pass,success,foot,183.0,Portugal,{},5.0,Raphaël Guerreiro,Portugal,0.02437242493033409,0.0006832581129856408,0.012295911088585854,-0.0001559448428452015,0.012139966245740652
12,00:01:18.573,Bruno Fernandes,Gonçalo Guedes,7576,1,78.0,780,5204,89.11764705882352,57.67088607594937,89.11764705882352,43.89873417721519,0,1,0,51,pass,success,foot,183.0,Portugal,{},16.0,Bruno Fernandes,Portugal,0.04368789121508598,0.0006832581129856408,0.019315466284751892,-0.0,0.019315466284751892
13,00:01:31.080,Pepe,Raphaël Guerreiro,7576,1,91.0,780,20016,54.70588235294118,9.468354430379748,67.05882352941175,67.13924050632912,0,1,0,61,pass,success,foot,183.0,Portugal,{},3.0,Pepe,Portugal,0.008107745088636875,0.0005724996444769204,0.0017537279054522514,0.0004261630238033831,0.0021798909292556345
14,00:01:36.440,Raphaël Guerreiro,William Carvalho,7576,1,96.0,780,5209,68.82352941176471,66.27848101265823,60.0,53.36708860759494,0,1,0,63,pass,success,foot,183.0,Portugal,{},5.0,Raphaël Guerreiro,Portugal,0.0058762445114552975,0.0005996192921884358,-0.0018402151763439178,-7.230602204799652e-05,
15,00:01:39.240,William Carvalho,Gonçalo Guedes,7576,1,99.0,780,5214,62.64705882352941,50.78481012658228,84.70588235294117,46.48101265822785,0,1,0,65,pass,success,foot,183.0,Portugal,{},14.0,William Carvalho,Portugal,0.03913857042789459,0.0007530843722634017,0.02944429498165846,6.070901872590184e-05,0.02950500400038436
16,00:01:41.600,Gonçalo Guedes,Bruno Fernandes,7576,1,101.0,780,4367,84.70588235294117,49.063291139240505,80.29411764705881,51.64556962025316,0,1,0,67,pass,success,foot,183.0,Portugal,{},17.0,Gonçalo Guedes,Portugal,0.018483974039554596,0.0006394570809789002,-0.009041402488946915,0.00013664248399436474,
17,00:01:46.760,William Carvalho,José Fonte,7576,1,106.0,780,5214,64.41176470588236,55.088607594936704,45.0,45.620253164556964,0,1,0,72,pass,success,foot,183.0,Portugal,{},14.0,William Carvalho,Portugal,0.0038672538939863443,0.0009819803526625037,-0.002731854794546962,-0.00023971195332705975,
18,00:01:51.160,José Fonte,William Carvalho,7576,1,111.0,780,3960,45.0,45.620253164556964,48.529411764705884,50.78481012658228,0,1,0,74,pass,success,foot,183.0,Portugal,{},6.0,José Fonte,Portugal,0.005366066936403513,0.001018515438772738,0.0007533649913966656,0.0002288048854097724,0.000982169876806438
19,00:01:54.932,William Carvalho,Cristiano Ronaldo,7576,1,114.0,780,5214,51.17647058823529,53.36708860759494,57.35294117647058,44.75949367088607,0,1,0,76,pass,success,foot,183.0,Portugal,{},14.0,William Carvalho,Portugal,0.008494514971971512,0.000981414457783103,0.0024310266599059105,6.153073627501726e-05,0.0024925573961809278
20,00:01:56.773,Cristiano Ronaldo,William Carvalho,7576,1,116.0,780,5207,56.470588235294116,49.924050632911396,51.17647058823529,52.50632911392405,0,1,0,78,pass,success,foot,183.0,Portugal,{},7.0,Cristiano Ronaldo,Portugal,0.004532117862254381,0.0009410863858647645,-0.0019169896841049194,0.00022909807739779353,
21,00:01:58.720,William Carvalho,Pepe,7576,1,118.0,780,5214,49.411764705882355,52.50632911392405,41.470588235294116,21.518987341772153,0,1,0,80,pass,success,foot,183.0,Portugal,{},14.0,William Carvalho,Portugal,0.003610897110775113,0.00104922812897712,-0.0004760527517646551,0.00019953353330492973,
22,00:02:02.720,Pepe,Bruno Fernandes,7576,1,122.0,780,20016,45.88235294117647,25.822784810126585,80.29411764705881,47.34177215189874,0,1,0,82,pass,success,foot,183.0,Portugal,{},3.0,Pepe,Portugal,0.027653219178318977,0.0006923202890902758,0.02203208487480879,0.0005867897998541594,0.022618874674662948
23,00:02:05.320,Bruno Fernandes,Cristiano Ronaldo,7576,1,125.0,780,5204,80.29411764705881,47.34177215189874,76.76470588235294,44.75949367088607,0,1,1,83,pass,success,head,183.0,Portugal,{},16.0,Bruno Fernandes,Portugal,0.019407089799642563,0.0007329547661356628,-0.008246129378676414,-4.063447704538703e-05,
24,00:05:13.480,João Moutinho,Pepe,7576,1,313.0,780,3168,29.117647058823533,7.74683544303798,15.0,15.493670886075947,0,1,0,116,pass,success,foot,183.0,Portugal,{},8.0,João Moutinho,Portugal,0.0023992073256522417,0.0016542712692171335,-0.00048581603914499283,-1.2066331692039967e-05,
25,00:05:15.213,Pepe,Gonçalo Guedes,7576,1,315.0,780,20016,15.0,15.493670886075947,53.8235294117647,22.379746835443036,0,1,0,117,pass,success,foot,183.0,Portugal,{},3.0,Pepe,Portugal,0.008646090514957905,0.0008248691447079182,0.006246883189305663,0.0008294021245092154,0.0070762853138148785
26,00:05:17.360,Gonçalo Guedes,Cristiano Ronaldo,7576,1,317.0,780,4367,54.70588235294118,21.518987341772153,50.294117647058826,24.962025316455694,0,1,2,118,pass,success,other,183.0,Portugal,{},17.0,Gonçalo Guedes,Portugal,0.005802190862596035,0.0007800946477800608,-0.00284389965236187,4.47744969278574e-05,
27,00:05:42.373,Pepe,José Fonte,7576,1,342.0,780,20016,48.529411764705884,25.822784810126585,45.0,49.924050632911396,4,1,0,121,freekick_short,success,foot,183.0,Portugal,{},3.0,Pepe,Portugal,0.004603736102581024,0.0007528411224484444,0.004603736102581024,-0.0007528411224484444,0.00385089498013258
28,00:05:44.720,José Fonte,Raphaël Guerreiro,7576,1,344.0,780,3960,45.88235294117647,49.924050632911396,62.64705882352941,64.55696202531645,0,1,0,123,pass,success,foot,183.0,Portugal,{},6.0,José Fonte,Portugal,0.008763289079070091,0.0005641474854201078,0.0033552581444382668,0.00038952421164140105,0.003744782356079668
29,00:05:48.400,Raphaël Guerreiro,José Fonte,7576,1,348.0,780,5209,53.8235294117647,63.69620253164557,32.64705882352941,63.69620253164557,0,1,0,125,pass,success,foot,183.0,Portugal,{},5.0,Raphaël Guerreiro,Portugal,0.002975574228912592,0.001073715859092772,-0.0015060463920235634,-0.0003854686510749161,
30,00:05:50.400,José Fonte,Rui Patrício,7576,1,350.0,780,3960,32.64705882352941,64.55696202531645,11.470588235294118,30.126582278481017,0,1,0,127,pass,success,foot,183.0,Portugal,{},6.0,José Fonte,Portugal,0.002555791987106204,0.002135257935151458,-0.0008978182449936867,-0.0007787327049300075,
31,00:07:44.080,Rui Patrício,Gonçalo Guedes,7576,1,464.0,780,5205,5.294117647058823,38.734177215189874,64.41176470588236,40.45569620253164,22,1,0,149,goalkick,success,foot,183.0,Portugal,{},1.0,Rui Patrício,Portugal,0.01222787145525217,0.0008764839149080217,0.01222787145525217,-0.0008764839149080217,0.011351387540344149
32,00:09:35.160,Rui Patrício,Raphaël Guerreiro,7576,1,575.0,780,5205,4.411764705882353,37.01265822784811,45.88235294117647,49.924050632911396,22,1,0,205,goalkick,success,foot,183.0,Portugal,{},1.0,Rui Patrício,Portugal,0.00627903314307332,0.0012132081901654601,0.00627903314307332,-0.0012132081901654601,0.00506582495290786
33,00:10:30.320,Rui Patrício,Cristiano Ronaldo,7576,1,630.0,780,5205,14.117647058823529,49.063291139240505,63.52941176470588,41.31645569620253,0,1,0,234,pass,success,foot,183.0,Portugal,{},1.0,Rui Patrício,Portugal,0.01222787145525217,0.0007340609445236623,0.01222787145525217,-0.0007340609445236623,0.011493810510728508
34,00:11:16.050,Rui Patrício,Cristiano Ronaldo,7576,1,676.0,780,5205,11.470588235294118,41.31645569620253,56.470588235294116,55.949367088607595,0,1,0,253,pass,success,foot,183.0,Portugal,{},1.0,Rui Patrício,Portugal,0.008049581199884415,0.0008524362347088754,0.008049581199884415,-0.0008524362347088754,0.007197144965175539
35,00:11:18.560,Cristiano Ronaldo,Gonçalo Guedes,7576,1,678.0,780,5207,56.470588235294116,55.949367088607595,66.17647058823529,40.45569620253164,0,1,1,254,pass,success,head,183.0,Portugal,{},7.0,Cristiano Ronaldo,Portugal,0.01495750155299902,0.0006771981134079397,0.006907920353114605,0.00017523812130093575,0.007083158474415541
36,00:11:27.440,Bernardo Silva,Cédric Soares,7576,1,687.0,780,3193,54.70588235294118,30.126582278481017,45.0,24.10126582278481,0,1,0,263,pass,success,foot,183.0,Portugal,{},11.0,Bernardo Silva,Portugal,0.0049461666494607925,0.0007834242423996329,0.003086215234361589,0.004487689235247672,0.0075739044696092606
37,00:11:29.212,Cédric Soares,João Moutinho,7576,1,689.0,780,3329,45.88235294117647,24.10126582278481,54.70588235294118,33.56962025316456,0,1,0,266,pass,success,foot,183.0,Portugal,{},21.0,Cédric Soares,Portugal,0.009716732427477837,0.000735080917365849,9.988993406295776e-05,0.0019111627480015159,0.0020110526820644736
38,00:11:30.600,João Moutinho,Pepe,7576,1,690.0,780,3168,52.94117647058823,30.9873417721519,45.88235294117647,30.126582278481017,0,1,0,268,pass,success,foot,183.0,Portugal,{},8.0,João Moutinho,Portugal,0.0049461666494607925,0.0007834242423996329,-0.001978983636945486,9.665224933996797e-05,
39,00:11:36.640,Pepe,Cristiano Ronaldo,7576,1,696.0,780,20016,44.11764705882353,38.734177215189874,55.588235294117645,64.55696202531645,0,1,1,274,pass,success,head,183.0,Portugal,{},3.0,Pepe,Portugal,0.007394689600914717,0.0006123733473941684,0.003011135384440422,0.0024755067424848676,0.00548664212692529
40,00:11:41.495,Cristiano Ronaldo,Raphaël Guerreiro,7576,1,701.0,780,5207,60.0,64.55696202531645,75.88235294117646,66.27848101265823,0,1,0,276,pass,success,foot,183.0,Portugal,{},7.0,Cristiano Ronaldo,Portugal,0.011675817891955376,0.0005520386039279401,0.003944260999560356,4.176463698968291e-05,0.003986025636550039
41,00:11:42.373,Raphaël Guerreiro,Bruno Fernandes,7576,1,702.0,780,5209,75.88235294117646,66.27848101265823,78.52941176470588,58.53164556962025,0,1,0,277,pass,success,foot,183.0,Portugal,{},5.0,Raphaël Guerreiro,Portugal,0.016746917739510536,0.0004926512483507395,0.0050710998475551605,5.938735557720065e-05,0.005130487203132361
42,00:12:47.733,Cédric Soares,Pepe,7576,1,767.0,780,3329,21.176470588235293,12.050632911392398,21.176470588235293,17.21518987341772,0,1,0,325,pass,success,foot,183.0,Portugal,{},21.0,Cédric Soares,Portugal,0.0031512686982750893,0.0015672171721234918,0.0008228295482695103,0.0051229934906587005,0.005945823038928211
43,00:12:48.840,Pepe,Bernardo Silva,7576,1,768.0,780,20016,21.176470588235293,16.35443037974683,45.88235294117647,2.5822784810126507,0,1,0,326,pass,success,foot,183.0,Portugal,{},3.0,Pepe,Portugal,0.006176167633384466,0.0007848876994103193,0.003024898935109377,0.0007823294727131724,0.0038072284078225493
44,00:12:51.920,Bernardo Silva,Cédric Soares,7576,1,771.0,780,3193,38.82352941176471,3.4430379746835484,24.705882352941178,2.5822784810126507,0,1,0,328,pass,success,foot,183.0,Portugal,{},11.0,Bernardo Silva,Portugal,0.0024713214952498674,0.0012451759539544582,-0.0011122862342745066,-7.913296576589346e-05,
45,00:12:54.013,Cédric Soares,Cristiano Ronaldo,7576,1,774.0,780,3329,23.823529411764707,4.303797468354432,45.0,41.31645569620253,0,1,0,330,pass,success,foot,183.0,Portugal,{},21.0,Cédric Soares,Portugal,0.006713386159390211,0.000826596631668508,0.003999566193670034,0.000824774382635951,0.0048243405763059855
46,00:13:01.160,Cristiano Ronaldo,William Carvalho,7576,1,781.0,780,5207,63.52941176470588,47.34177215189874,57.35294117647058,43.89873417721519,0,1,0,332,pass,success,foot,183.0,Portugal,{},7.0,Cristiano Ronaldo,Portugal,0.006867331452667713,0.0007159730303101242,-0.006683562882244587,2.83936969935894e-07,
47,00:13:01.800,William Carvalho,Raphaël Guerreiro,7576,1,781.0,780,5214,56.470588235294116,43.89873417721519,67.94117647058823,63.69620253164557,0,1,0,333,pass,success,foot,183.0,Portugal,{},14.0,William Carvalho,Portugal,0.009905590675771236,0.0005641474854201078,0.0030382592231035233,0.00015182554489001632,0.0031900847679935396
48,00:13:04.720,Raphaël Guerreiro,Cristiano Ronaldo,7576,1,784.0,780,5209,62.64705882352941,58.53164556962025,60.0,52.50632911392405,0,1,0,335,pass,success,foot,183.0,Portugal,{},5.0,Raphaël Guerreiro,Portugal,0.006452860310673714,0.0006172630237415433,0.0001542670652270317,-5.8141828048974276e-05,9.612523717805743e-05
49,00:13:05.333,Cristiano Ronaldo,Raphaël Guerreiro,7576,1,785.0,780,5207,60.0,52.50632911392405,68.82352941176471,62.835443037974684,0,1,0,336,pass,success,foot,183.0,Portugal,{},7.0,Cristiano Ronaldo,Portugal,0.010412086732685566,0.0005641474854201078,0.003959226422011852,5.311553832143545e-05,0.004012341960333288
50,00:13:06.440,Raphaël Guerreiro,Bruno Fernandes,7576,1,786.0,780,5209,64.41176470588236,65.41772151898734,67.05882352941175,58.53164556962025,0,1,0,338,pass,success,foot,183.0,Portugal,{},5.0,Raphaël Guerreiro,Portugal,0.010085387155413628,0.0004926512483507395,0.003932266496121883,4.648830508813262e-05,0.003978754801210016
51,00:13:07.213,Bruno Fernandes,Cristiano Ronaldo,7576,1,787.0,780,5204,67.05882352941175,58.53164556962025,55.588235294117645,57.67088607594937,0,1,0,339,pass,success,foot,183.0,Portugal,{},16.0,Bruno Fernandes,Portugal,0.005400818306952715,0.0006934002158232033,-0.004684568848460913,-0.00020074896747246385,
52,00:13:08.773,Cristiano Ronaldo,José Fonte,7576,1,788.0,780,5207,55.588235294117645,55.949367088607595,34.411764705882355,49.063291139240505,0,1,0,341,pass,success,foot,183.0,Portugal,{},7.0,Cristiano Ronaldo,Portugal,0.0035760861355811357,0.0011479334207251668,-0.0032266045454889536,-0.00032465363619849086,
53,00:13:11.160,José Fonte,Pepe,7576,1,791.0,780,3960,32.64705882352941,47.34177215189874,36.1764705882353,16.35443037974683,0,1,0,343,pass,success,foot,183.0,Portugal,{},6.0,José Fonte,Portugal,0.0051252092234790325,0.0010582412360236049,0.0013899591285735369,0.00034166034311056137,0.0017316194716840982
54,00:14:00.920,Rui Patrício,Raphaël Guerreiro,7576,1,840.0,780,5205,6.176470588235294,39.59493670886076,15.88235294117647,62.835443037974684,0,1,2,370,pass,success,other,183.0,Portugal,{},1.0,Rui Patrício,Portugal,0.0034617779310792685,0.0019548239652067423,-9.800842963159084e-05,0.0022510213311761618,0.002153012901544571
55,00:14:05.600,Raphaël Guerreiro,João Moutinho,7576,1,845.0,780,5209,22.058823529411764,61.9746835443038,32.64705882352941,51.64556962025316,0,1,0,372,pass,success,foot,183.0,Portugal,{},5.0,Raphaël Guerreiro,Portugal,0.004424915183335543,0.0012673868332058191,0.0009566168300807476,0.00068113231100142,0.0016377491410821676
56,00:14:07.093,João Moutinho,Cristiano Ronaldo,7576,1,847.0,780,3168,32.64705882352941,52.50632911392405,43.23529411764706,65.41772151898734,0,1,1,373,pass,success,head,183.0,Portugal,{},8.0,João Moutinho,Portugal,0.004881568253040314,0.0007661069394089282,0.00045665306970477104,0.000501279893796891,0.000957932963501662
57,00:14:10.693,Cristiano Ronaldo,Gonçalo Guedes,7576,1,850.0,780,5207,44.11764705882353,66.27848101265823,54.70588235294118,45.620253164556964,0,1,0,375,pass,success,foot,183.0,Portugal,{},7.0,Cristiano Ronaldo,Portugal,0.009147428907454014,0.0007159730303101242,0.004602676257491112,7.46878213249147e-05,0.0046773640788160264
58,00:14:12.560,Gonçalo Guedes,William Carvalho,7576,1,852.0,780,4367,54.70588235294118,45.620253164556964,44.11764705882353,48.20253164556962,0,1,0,376,pass,success,foot,183.0,Portugal,{},17.0,Gonçalo Guedes,Portugal,0.004680898040533066,0.000801434216555208,-0.004466530866920948,-8.546118624508381e-05,
59,00:14:15.173,William Carvalho,João Moutinho,7576,1,855.0,780,5214,44.11764705882353,48.20253164556962,40.58823529411765,32.708860759493675,0,1,0,378,pass,success,foot,183.0,Portugal,{},14.0,William Carvalho,Portugal,0.004853532649576664,0.00085848243907094,-0.0005778754130005836,9.056919952854514e-05,
60,00:14:17.520,João Moutinho,Cédric Soares,7576,1,857.0,780,3168,43.23529411764706,27.54430379746836,56.470588235294116,2.5822784810126507,0,1,0,380,pass,success,foot,183.0,Portugal,{},8.0,João Moutinho,Portugal,0.007320044562220573,0.0006350674666464329,0.0005501946434378624,0.000412026303820312,0.0009622209472581744
61,00:14:20.600,Cédric Soares,João Moutinho,7576,1,860.0,780,3329,56.470588235294116,2.5822784810126507,49.411764705882355,14.632911392405063,0,1,0,382,pass,success,foot,183.0,Portugal,{},21.0,Cédric Soares,Portugal,0.004587939009070396,0.0007171612815000117,-0.001240941695868969,1.6856647562235594e-05,
62,00:14:22.240,João Moutinho,Pepe,7576,1,862.0,780,3168,49.411764705882355,13.772151898734172,44.11764705882353,42.177215189873415,0,1,0,384,pass,success,foot,183.0,Portugal,{},8.0,João Moutinho,Portugal,0.004720924887806177,0.0007834242423996329,-0.0006671780720353127,0.00010624196147546172,
63,00:14:25.040,Pepe,Raphaël Guerreiro,7576,1,865.0,780,20016,44.11764705882353,42.177215189873415,52.94117647058823,57.67088607594937,0,1,0,386,pass,success,foot,183.0,Portugal,{},3.0,Pepe,Portugal,0.007394689600914717,0.0006700263475067914,0.0017677657306194305,0.0002845384879037738,0.0020523042185232043
64,00:14:27.840,Raphaël Guerreiro,Cristiano Ronaldo,7576,1,867.0,780,5209,55.588235294117645,60.25316455696203,65.29411764705883,65.41772151898734,0,1,0,388,pass,success,foot,183.0,Portugal,{},5.0,Raphaël Guerreiro,Portugal,0.008997304365038872,0.0005641474854201078,0.0018768259324133396,0.00016987044364213943,0.002046696376055479
65,00:14:28.680,Cristiano Ronaldo,Raphaël Guerreiro,7576,1,868.0,780,5207,66.17647058823529,66.27848101265823,52.05882352941177,64.55696202531645,0,1,0,390,pass,success,foot,183.0,Portugal,{},7.0,Cristiano Ronaldo,Portugal,0.004481620620936155,0.0005415953928604722,-0.0030976790003478527,-4.157726652920246e-05,
66,00:14:33.880,Raphaël Guerreiro,Rui Patrício,7576,1,873.0,780,5209,26.470588235294116,61.9746835443038,2.6470588235294117,39.59493670886076,0,1,0,392,pass,success,foot,183.0,Portugal,{},5.0,Raphaël Guerreiro,Portugal,0.0025057396851480007,0.002304272260516882,-0.00011437525972723961,-0.0005247918888926506,
67,00:14:36.680,Rui Patrício,Raphaël Guerreiro,7576,1,876.0,780,5205,2.6470588235294117,39.59493670886076,30.0,53.36708860759494,0,1,0,393,pass,success,foot,183.0,Portugal,{},1.0,Rui Patrício,Portugal,0.004091656766831875,0.001679175766184926,0.0015859170816838741,0.0006250964943319559,0.00221101357601583
68,00:14:40.200,Raphaël Guerreiro,Bruno Fernandes,7576,1,880.0,780,5209,30.0,53.36708860759494,44.11764705882353,55.088607594936704,0,1,1,394,pass,success,head,183.0,Portugal,{},5.0,Raphaël Guerreiro,Portugal,0.005915719084441662,0.0008019517990760505,0.001824062317609787,0.0008772239671088755,0.0027012862847186625
69,00:14:41.200,Bruno Fernandes,Gonçalo Guedes,7576,1,881.0,780,5204,43.23529411764706,53.36708860759494,49.411764705882355,43.89873417721519,0,1,1,395,pass,success,head,183.0,Portugal,{},16.0,Bruno Fernandes,Portugal,0.00767997233197093,0.0007381706964224577,0.0017642532475292683,6.378110265359282e-05,0.001828034350182861
70,00:14:42.493,Gonçalo Guedes,João Moutinho,7576,1,882.0,780,4367,48.529411764705884,43.89873417721519,42.35294117647059,36.151898734177216,0,1,0,396,pass,success,foot,183.0,Portugal,{},17.0,Gonçalo Guedes,Portugal,0.0049461666494607925,0.00085848243907094,-0.0027338056825101376,-0.00012031174264848232,
71,00:15:49.010,Bruno Fernandes,Cristiano Ronaldo,7576,1,949.0,780,5204,1.7647058823529411,44.75949367088607,22.941176470588236,49.063291139240505,0,1,0,459,pass,success,foot,183.0,Portugal,{},16.0,Bruno Fernandes,Portugal,0.0036709881387650967,0.0017124710138887167,0.0011203172616660595,0.0022321564611047506,0.00335247372277081
72,00:15:50.533,Cristiano Ronaldo,Gonçalo Guedes,7576,1,950.0,780,5207,22.941176470588236,49.063291139240505,37.05882352941177,44.75949367088607,0,1,0,460,pass,success,foot,183.0,Portugal,{},7.0,Cristiano Ronaldo,Portugal,0.0055264439433813095,0.001164517248980701,0.0018554558046162128,0.0005479537649080157,0.0024034095695242286
73,00:19:33.400,Rui Patrício,Cristiano Ronaldo,7576,1,1173.0,780,5205,5.294117647058823,36.151898734177216,59.11764705882353,52.50632911392405,22,1,0,526,goalkick,success,foot,183.0,Portugal,{},1.0,Rui Patrício,Portugal,0.00734725221991539,0.000991791719570756,0.00734725221991539,-0.000991791719570756,0.006355460500344634
74,00:19:36.640,Cristiano Ronaldo,João Moutinho,7576,1,1176.0,780,5207,59.11764705882353,52.50632911392405,51.17647058823529,39.59493670886076,0,1,1,527,pass,success,head,183.0,Portugal,{},7.0,Cristiano Ronaldo,Portugal,0.00617646612226963,0.000735080917365849,-0.0011707860976457596,0.00025671080220490694,
75,00:19:38.053,João Moutinho,William Carvalho,7576,1,1178.0,780,3168,51.17647058823529,40.45569620253164,52.94117647058823,46.48101265822785,0,1,1,528,pass,success,head,183.0,Portugal,{},8.0,João Moutinho,Portugal,0.008213852532207966,0.0007369694649241865,0.0020373864099383354,-1.88854755833745e-06,0.002035497862379998
76,00:19:39.695,William Carvalho,Cédric Soares,7576,1,1179.0,780,5214,52.05882352941177,44.75949367088607,38.82352941176471,11.189873417721515,0,1,0,530,pass,success,foot,183.0,Portugal,{},14.0,William Carvalho,Portugal,0.0037772611249238253,0.0008857095381245017,-0.0026105146389454603,-3.6115467082709074e-05,
77,00:19:43.852,Cédric Soares,Pepe,7576,1,1183.0,780,3329,42.35294117647059,19.79746835443038,32.64705882352941,22.379746835443036,0,1,0,532,pass,success,foot,183.0,Portugal,{},21.0,Cédric Soares,Portugal,0.003863721387460828,0.0011221455642953515,-0.002680232049897313,-8.218374568969011e-05,
78,00:19:45.040,Pepe,Bernardo Silva,7576,1,1185.0,780,20016,32.64705882352941,22.379746835443036,49.411764705882355,0.8607594936708836,0,1,0,534,pass,success,foot,183.0,Portugal,{},3.0,Pepe,Portugal,0.006176167633384466,0.0006746809231117368,0.001692368183284998,0.0007231783820316195,0.0024155465653166175
79,00:19:52.000,Bernardo Silva,José Fonte,7576,1,1192.0,780,3193,40.58823529411765,6.88607594936709,29.117647058823533,37.01265822784811,0,1,0,536,pass,success,foot,183.0,Portugal,{},11.0,Bernardo Silva,Portugal,0.003158943960443139,0.0012868666090071201,-0.0004739658907055855,-0.0001232308568432927,
80,00:19:55.640,José Fonte,Rui Patrício,7576,1,1195.0,780,3960,22.941176470588236,37.87341772151899,7.0588235294117645,37.87341772151899,0,1,0,538,pass,success,foot,183.0,Portugal,{},6.0,José Fonte,Portugal,0.0027092667296528816,0.0032141078263521194,-8.87636560946703e-05,-0.0012420236598700285,
81,00:20:03.320,José Fonte,William Carvalho,7576,1,1203.0,780,3960,29.117647058823533,49.063291139240505,32.64705882352941,42.177215189873415,0,1,0,542,pass,success,foot,183.0,Portugal,{},6.0,José Fonte,Portugal,0.005210569128394127,0.0012484845938161016,0.0014411446172744036,0.00041547452565282583,0.0018566191429272294
82,00:21:09.920,Raphaël Guerreiro,João Moutinho,7576,1,1269.0,780,5209,22.941176470588236,28.405063291139243,38.82352941176471,29.265822784810126,0,1,0,575,pass,success,foot,183.0,Portugal,{},5.0,Raphaël Guerreiro,Portugal,0.006527943070977926,0.0011056060902774334,0.002959893085062504,0.013271255884319544,0.016231148969382048
83,00:21:12.160,João Moutinho,Bruno Fernandes,7576,1,1272.0,780,3168,37.94117647058823,30.126582278481017,45.88235294117647,11.189873417721515,0,1,0,576,pass,success,foot,183.0,Portugal,{},8.0,João Moutinho,Portugal,0.006561389192938805,0.000714094378054142,3.344612196087837e-05,0.0003915117122232914,0.00042495783418416977
84,00:21:16.400,Bruno Fernandes,Cristiano Ronaldo,7576,1,1276.0,780,5204,67.94117647058823,11.189873417721515,89.11764705882352,46.48101265822785,0,1,0,578,pass,success,foot,183.0,Portugal,{},16.0,Bruno Fernandes,Portugal,0.053814977407455444,0.0005750615382567048,0.040530843660235405,4.0748040191829205e-05,0.040571591700427234
85,00:21:18.932,Cristiano Ronaldo,Gonçalo Guedes,7576,1,1278.0,780,5207,90.0,46.48101265822785,90.88235294117648,35.291139240506325,0,1,0,580,pass,success,foot,183.0,Portugal,{},7.0,Cristiano Ronaldo,Portugal,0.09798958152532578,0.0006679841317236423,0.04507856070995331,-5.786505062133074e-05,0.04502069565933198
86,00:21:46.760,Pepe,Cédric Soares,7576,1,1306.0,780,20016,49.411764705882355,2.5822784810126507,64.41176470588236,1.7215189873417671,0,1,0,585,pass,success,foot,183.0,Portugal,{},3.0,Pepe,Portugal,0.008646617643535137,0.0005850554443895817,0.008646617643535137,-0.0005850554443895817,0.008061562199145555
87,00:21:49.320,Cédric Soares,Bernardo Silva,7576,1,1309.0,780,3329,64.41176470588236,1.7215189873417671,77.64705882352942,0.8607594936708836,0,1,0,587,pass,success,foot,183.0,Portugal,{},21.0,Cédric Soares,Portugal,0.01142098754644394,0.0004926512483507395,0.004439492244273424,2.5899324100464582e-05,0.004465391568373889
88,00:22:35.653,William Carvalho,João Moutinho,7576,1,1354.5,780,5214,37.05882352941177,12.911392405063289,36.1764705882353,16.35443037974683,21,1,0,609,dribble,success,foot,183.0,Portugal,{},14.0,William Carvalho,Portugal,0.0038046406116336584,0.001300876378081739,-0.0004047106485813856,0.0007491343421861529,0.0003444236936047673
89,00:22:35.653,William Carvalho,João Moutinho,7576,1,1355.0,780,5214,36.1764705882353,16.35443037974683,34.411764705882355,10.329113924050638,0,1,0,610,pass,success,foot,183.0,Portugal,{},14.0,William Carvalho,Portugal,0.003332640277221799,0.0011099656112492085,-0.0004720003344118595,0.0001909107668325305,
90,00:22:37.960,João Moutinho,Cristiano Ronaldo,7576,1,1357.0,780,3168,37.94117647058823,16.35443037974683,46.76470588235294,32.708860759493675,0,1,0,612,pass,success,foot,183.0,Portugal,{},8.0,João Moutinho,Portugal,0.007733053993433714,0.0007834242423996329,0.0027357274666428566,0.0004949946887791157,0.0032307221554219723
91,00:22:39.320,Cristiano Ronaldo,Bruno Fernandes,7576,1,1359.0,780,5207,46.76470588235294,32.708860759493675,45.88235294117647,37.01265822784811,0,1,0,613,pass,success,foot,183.0,Portugal,{},7.0,Cristiano Ronaldo,Portugal,0.005187952890992165,0.0008063970599323511,-0.0025451011024415493,-2.297281753271818e-05,
92,00:22:41.440,Bruno Fernandes,Raphaël Guerreiro,7576,1,1361.0,780,5204,51.17647058823529,43.037974683544306,53.8235294117647,57.67088607594937,0,1,0,615,pass,success,foot,183.0,Portugal,{},16.0,Bruno Fernandes,Portugal,0.007313969079405069,0.0006601960631087422,-0.0009188768453896046,0.0001943339011631906,
93,00:24:09.720,João Moutinho,Cédric Soares,7576,1,1449.0,780,3168,47.64705882352941,27.54430379746836,43.23529411764706,4.303797468354432,0,1,0,629,pass,success,foot,183.0,Portugal,{},8.0,João Moutinho,Portugal,0.004008206073194742,0.0010772532550618052,0.004008206073194742,-0.0010772532550618052,0.002930952818132937
94,00:24:12.120,Cédric Soares,Pepe,7576,1,1452.0,780,3329,43.23529411764706,4.303797468354432,31.76470588235294,13.772151898734172,0,1,0,631,pass,success,foot,183.0,Portugal,{},21.0,Cédric Soares,Portugal,0.003046273486688733,0.0016273591900244355,-0.0014274849090725183,-0.0001290945801883936,
95,00:24:14.120,Pepe,William Carvalho,7576,1,1454.0,780,20016,35.294117647058826,18.936708860759495,39.705882352941174,31.84810126582279,0,1,0,633,pass,success,foot,183.0,Portugal,{},3.0,Pepe,Portugal,0.006527943070977926,0.001347485464066267,0.0014310148544609547,0.000743333250284195,0.0021743481047451496
96,00:24:15.320,William Carvalho,José Fonte,7576,1,1455.0,780,5214,39.705882352941174,34.43037974683544,33.52941176470588,51.64556962025316,0,1,0,635,pass,success,foot,183.0,Portugal,{},14.0,William Carvalho,Portugal,0.003595959395170212,0.0018503617029637098,-0.001912805251777172,0.00010929093696177006,
97,00:24:18.520,José Fonte,Bruno Fernandes,7576,1,1458.0,780,3960,45.0,53.36708860759494,56.470588235294116,64.55696202531645,0,1,0,637,pass,success,foot,183.0,Portugal,{},6.0,José Fonte,Portugal,0.007199078798294067,0.000963650643825531,0.001033772248774767,0.000576909864321351,0.001610682113096118
98,00:26:02.160,José Fonte,Rui Patrício,7576,1,1562.0,780,3960,21.176470588235293,55.088607594936704,2.6470588235294117,35.291139240506325,0,1,0,683,pass,success,foot,183.0,Portugal,{},6.0,José Fonte,Portugal,0.00274211005307734,0.0036659182514995337,0.0008836990455165505,0.0030440695118159056,0.003927768557332456
99,00:28:42.600,Gonçalo Guedes,Cédric Soares,7576,1,1722.0,780,4367,38.82352941176471,23.240506329113927,31.76470588235294,12.911392405063289,0,1,0,727,pass,success,foot,183.0,Portugal,{},17.0,Gonçalo Guedes,Portugal,0.003167389426380396,0.0016117318300530314,-0.0033605536445975304,0.0001714776735752821,
100,00:28:47.760,Cédric Soares,Bernardo Silva,7576,1,1727.0,780,3329,48.529411764705884,0.8607594936708836,67.05882352941175,46.48101265822785,0,1,0,729,pass,success,foot,183.0,Portugal,{},21.0,Cédric Soares,Portugal,0.013756223022937775,0.0010980713414028287,0.007743628695607185,0.0002360246144235134,0.007979653310030699
101,00:28:54.920,Bernardo Silva,Cristiano Ronaldo,7576,1,1734.0,780,3193,71.47058823529412,49.063291139240505,74.11764705882354,57.67088607594937,0,1,0,731,pass,success,foot,183.0,Portugal,{},11.0,Bernardo Silva,Portugal,0.013444353826344013,0.0008849389269016683,-0.0030011991038918495,0.00021752837346866727,
102,00:28:55.520,Cristiano Ronaldo,Raphaël Guerreiro,7576,1,1735.0,780,5207,74.11764705882354,57.67088607594937,88.23529411764706,64.55696202531645,0,1,0,732,pass,success,foot,183.0,Portugal,{},7.0,Cristiano Ronaldo,Portugal,0.01868201233446598,0.0006759781390428543,0.005237658508121967,0.000208960787858814,0.005446619295980781
103,00:28:57.173,Raphaël Guerreiro,Cristiano Ronaldo,7576,1,1737.0,780,5209,88.23529411764706,64.55696202531645,75.88235294117646,65.41772151898734,0,1,0,733,pass,success,foot,183.0,Portugal,{},5.0,Raphaël Guerreiro,Portugal,0.008397731930017471,0.0006942581967450678,-0.01028428040444851,-1.8280057702213526e-05,
104,00:29:01.160,Cristiano Ronaldo,William Carvalho,7576,1,1741.0,780,5207,75.0,57.67088607594937,65.29411764705883,40.45569620253164,0,1,0,735,pass,success,foot,183.0,Portugal,{},7.0,Cristiano Ronaldo,Portugal,0.009486636146903038,0.0008830673177726567,2.1027401089668274e-05,2.4560722522437572e-06,2.348347334191203e-05
105,00:29:04.440,William Carvalho,Bruno Fernandes,7576,1,1744.0,780,5214,64.41176470588236,38.734177215189874,69.70588235294117,51.64556962025316,0,1,0,737,pass,success,foot,183.0,Portugal,{},14.0,William Carvalho,Portugal,0.014137165620923042,0.0008791344589553773,0.0030669420957565308,0.000250728742685169,0.0033176708384416997
106,00:29:06.800,Bruno Fernandes,Raphaël Guerreiro,7576,1,1746.0,780,5204,72.3529411764706,52.50632911392405,81.1764705882353,64.55696202531645,0,1,0,739,pass,success,foot,183.0,Portugal,{},16.0,Bruno Fernandes,Portugal,0.013339857570827007,0.0007689177291467786,-0.00184576865285635,0.00023066007997840643,
107,00:29:08.960,Raphaël Guerreiro,Bruno Fernandes,7576,1,1748.0,780,5209,81.1764705882353,64.55696202531645,68.82352941176471,63.69620253164557,0,1,0,741,pass,success,foot,183.0,Portugal,{},5.0,Raphaël Guerreiro,Portugal,0.006769597064703703,0.0006942581967450678,-0.0036965706385672092,9.502959437668324e-05,
108,00:29:11.400,Bruno Fernandes,José Fonte,7576,1,1751.0,780,5204,61.76470588235294,64.55696202531645,49.411764705882355,45.620253164556964,0,1,0,743,pass,success,foot,183.0,Portugal,{},16.0,Bruno Fernandes,Portugal,0.00533520570024848,0.000953479902818799,-0.0005286089144647121,-0.0001357964356429875,
109,00:29:13.680,José Fonte,Pepe,7576,1,1753.0,780,3960,47.64705882352941,45.620253164556964,46.76470588235294,27.54430379746836,0,1,0,745,pass,success,foot,183.0,Portugal,{},6.0,José Fonte,Portugal,0.005253476090729237,0.0011301597114652395,-0.00022697588428854942,0.00041119824163615704,0.0001842223573476076
110,00:29:54.000,José Fonte,Cédric Soares,7576,1,1794.0,780,3960,27.35294117647059,16.35443037974683,26.470588235294116,1.7215189873417671,0,1,0,756,pass,success,foot,183.0,Portugal,{},6.0,José Fonte,Portugal,0.002762277377769351,0.0017812201986089349,-0.0014050116296857595,0.0008122200379148126,
111,00:29:54.000,José Fonte,Cédric Soares,7576,2,1794.0,780,3960,26.470588235294116,55.949367088607595,52.94117647058823,65.41772151898734,0,1,0,1960,pass,success,foot,183.0,Portugal,{},6.0,José Fonte,Portugal,0.005807738751173019,0.0011935760267078876,0.002672624308615923,0.0021001938730478287,0.004772818181663752
112,00:29:58.440,Cédric Soares,Rui Patrício,7576,1,1798.0,780,3329,21.176470588235293,1.7215189873417671,3.5294117647058822,28.405063291139243,0,1,0,758,pass,success,foot,183.0,Portugal,{},21.0,Cédric Soares,Portugal,0.002408039988949895,0.003077444853261113,0.00011616991832852364,-0.0003597468603402376,
113,00:30:04.240,Rui Patrício,Raphaël Guerreiro,7576,1,1804.0,780,5205,6.176470588235294,36.151898734177216,43.23529411764706,63.69620253164557,0,1,0,760,pass,success,foot,183.0,Portugal,{},1.0,Rui Patrício,Portugal,0.005176556296646595,0.0013655350776389241,0.0015335285570472479,0.004001567489467561,0.005535096046514809
114,00:32:11.920,William Carvalho,João Moutinho,7576,1,1931.0,780,5214,26.470588235294116,15.493670886075947,30.88235294117647,16.35443037974683,0,1,0,828,pass,success,foot,183.0,Portugal,{},14.0,William Carvalho,Portugal,0.00435773516073823,0.0017270829994231462,0.0004951660521328449,0.0007888688705861568,0.0012840349227190018
115,00:32:13.040,João Moutinho,Bernardo Silva,7576,1,1933.0,780,3168,30.88235294117647,16.35443037974683,49.411764705882355,0.0,0,1,0,830,pass,success,foot,183.0,Portugal,{},8.0,João Moutinho,Portugal,0.006176167633384466,0.0009928037179633975,0.0025000397581607103,0.0011854827171191573,0.0036855224752798676
116,00:33:28.000,Bruno Fernandes,William Carvalho,7576,1,2008.0,780,5204,4.411764705882353,61.9746835443038,7.941176470588235,57.67088607594937,0,1,0,862,pass,success,foot,183.0,Portugal,{},16.0,Bruno Fernandes,Portugal,0.003358342917636037,0.0028251248877495527,0.00014397688210010529,0.0009161608759313822,0.0010601377580314875
117,00:33:43.040,João Moutinho,Bernardo Silva,7576,1,2023.0,780,3168,23.823529411764707,15.493670886075947,30.88235294117647,1.7215189873417671,0,1,0,874,pass,success,foot,183.0,Portugal,{},8.0,João Moutinho,Portugal,0.003623577067628503,0.001600818708539009,0.0013337985146790743,0.005309279542416334,0.0066430780570954084
118,00:35:29.880,Gonçalo Guedes,William Carvalho,7576,1,2128.0,780,4367,19.411764705882355,16.35443037974683,30.0,18.075949367088604,21,1,0,920,dribble,success,foot,183.0,Portugal,{},17.0,Gonçalo Guedes,Portugal,0.0044517721980810165,0.002746768994256854,0.001252292189747095,0.002503413939848542,0.0037557061295956373
119,00:35:29.880,Gonçalo Guedes,William Carvalho,7576,1,2129.0,780,4367,30.0,18.075949367088604,26.470588235294116,18.936708860759495,0,1,0,921,pass,success,foot,183.0,Portugal,{},17.0,Gonçalo Guedes,Portugal,0.0030288067646324635,0.0019480036571621895,-0.001422965433448553,0.0007987653370946646,
120,00:35:33.320,William Carvalho,Cédric Soares,7576,1,2133.0,780,5214,20.294117647058826,15.493670886075947,17.647058823529413,5.164556962025316,0,1,0,925,pass,success,foot,183.0,Portugal,{},14.0,William Carvalho,Portugal,0.002669072011485696,0.0023604072630405426,-8.745049126446247e-05,0.000714034540578723,0.0006265840493142605
121,00:35:51.240,Rui Patrício,José Fonte,7576,1,2151.0,780,5205,7.0588235294117645,30.9873417721519,17.647058823529413,43.89873417721519,0,1,2,933,pass,success,other,183.0,Portugal,{},1.0,Rui Patrício,Portugal,0.0037593869492411613,0.003055708250030875,0.0004863359499722719,0.0018063883762806654,0.0022927243262529373
122,00:35:54.800,José Fonte,João Moutinho,7576,1,2154.0,780,3960,23.823529411764707,43.89873417721519,37.05882352941177,41.31645569620253,0,1,0,935,pass,success,foot,183.0,Portugal,{},6.0,José Fonte,Portugal,0.005604572594165802,0.0016832101391628385,0.0019282596185803413,0.0011104849399998784,0.0030387445585802197
123,00:35:57.080,João Moutinho,Raphaël Guerreiro,7576,1,2157.0,780,3168,37.94117647058823,41.31645569620253,46.76470588235294,65.41772151898734,0,1,0,937,pass,success,foot,183.0,Portugal,{},8.0,João Moutinho,Portugal,0.006076673045754433,0.0009412290528416634,0.0011588549241423607,0.0009891953086480498,0.0021480502327904105
124,00:36:01.200,Raphaël Guerreiro,João Moutinho,7576,1,2161.0,780,5209,46.76470588235294,65.41772151898734,45.0,49.063291139240505,0,1,0,939,pass,success,foot,183.0,Portugal,{},5.0,Raphaël Guerreiro,Portugal,0.004481620620936155,0.001070046448148787,-0.0005100234411656857,0.00012797233648598194,
125,00:36:04.880,João Moutinho,William Carvalho,7576,1,2164.0,780,3168,50.294117647058826,46.48101265822785,51.17647058823529,27.54430379746836,0,1,0,941,pass,success,foot,183.0,Portugal,{},8.0,João Moutinho,Portugal,0.007805058266967535,0.0011143607553094625,0.00023192539811134338,0.00032500969246029854,0.0005569350905716419
126,00:36:07.120,William Carvalho,Cédric Soares,7576,1,2167.0,780,5214,51.17647058823529,27.54430379746836,57.35294117647058,0.8607594936708836,0,1,0,943,pass,success,foot,183.0,Portugal,{},14.0,William Carvalho,Portugal,0.007320044562220573,0.0010197010124102235,-0.0001859702169895172,0.000370380817912519,0.00018441060092300177
127,00:36:10.880,Cédric Soares,Bernardo Silva,7576,1,2170.0,780,3329,61.76470588235294,1.7215189873417671,68.82352941176471,12.050632911392398,0,1,0,945,pass,success,foot,183.0,Portugal,{},21.0,Cédric Soares,Portugal,0.013012747280299664,0.0007798189180903137,0.0051347436383366585,0.00010103313252329826,0.005235776770859957
128,00:36:12.960,Bernardo Silva,William Carvalho,7576,1,2172.0,780,3193,66.17647058823529,11.189873417721515,61.76470588235294,16.35443037974683,0,1,0,947,pass,success,foot,183.0,Portugal,{},11.0,Bernardo Silva,Portugal,0.007273216266185045,0.0008931608754210174,-0.00041749095544219017,0.00011099322000518441,
129,00:36:14.960,William Carvalho,João Moutinho,7576,1,2174.0,780,5214,64.41176470588236,14.632911392405063,63.52941176470588,38.734177215189874,0,1,0,949,pass,success,foot,183.0,Portugal,{},14.0,William Carvalho,Portugal,0.010778439231216908,0.0009945285273715854,-0.00022505410015583038,6.11315481364727e-05,
130,00:36:17.640,João Moutinho,Raphaël Guerreiro,7576,1,2177.0,780,3168,63.52941176470588,38.734177215189874,80.29411764705881,62.835443037974684,0,1,0,951,pass,success,foot,183.0,Portugal,{},8.0,João Moutinho,Portugal,0.015349075198173523,0.0008282526978291571,0.0031107747927308083,0.0003065544296987355,0.0034173292224295437
131,00:38:34.920,Rui Patrício,José Fonte,7576,1,2314.0,780,5205,5.294117647058823,35.291139240506325,20.294117647058826,53.36708860759494,22,1,0,1001,goalkick,success,foot,183.0,Portugal,{},1.0,Rui Patrício,Portugal,0.0038700327277183533,0.0034200618974864483,0.001444710185751319,0.022804007399827242,0.02424871758557856
132,00:38:40.480,José Fonte,Raphaël Guerreiro,7576,1,2320.0,780,3960,37.05882352941177,55.949367088607595,43.23529411764706,64.55696202531645,0,1,0,1003,pass,success,foot,183.0,Portugal,{},6.0,José Fonte,Portugal,0.00517968088388443,0.001024626544676721,0.00010063918307423592,0.001383276074193418,0.001483915257267654
133,00:38:42.240,Raphaël Guerreiro,William Carvalho,7576,1,2322.0,780,5209,45.0,63.69620253164557,41.470588235294116,53.36708860759494,0,1,0,1005,pass,success,foot,183.0,Portugal,{},5.0,Raphaël Guerreiro,Portugal,0.004301637876778841,0.0011975488159805536,-0.001361088827252388,9.466242045164108e-05,
134,00:38:44.160,William Carvalho,João Moutinho,7576,1,2324.0,780,5214,41.470588235294116,53.36708860759494,46.76470588235294,42.177215189873415,0,1,0,1007,pass,success,foot,183.0,Portugal,{},14.0,William Carvalho,Portugal,0.006617661565542221,0.0011351050343364477,0.00162601750344038,0.0005031340988352895,0.0021291516022756696
135,00:38:48.680,João Moutinho,Cédric Soares,7576,1,2328.0,780,3168,52.05882352941177,28.405063291139243,57.35294117647058,1.7215189873417671,0,1,0,1009,pass,success,foot,183.0,Portugal,{},8.0,João Moutinho,Portugal,0.007320044562220573,0.0010197010124102235,-0.0015659630298614502,0.000370380817912519,
136,00:38:51.280,Cédric Soares,Bernardo Silva,7576,1,2331.0,780,3329,57.35294117647058,1.7215189873417671,66.17647058823529,0.8607594936708836,0,1,0,1011,pass,success,foot,183.0,Portugal,{},21.0,Cédric Soares,Portugal,0.008440349251031876,0.0008581210277043283,0.0026114685460925102,0.00038015953032299876,0.002991628076415509
137,00:38:56.440,Bernardo Silva,José Fonte,7576,1,2336.0,780,3193,63.52941176470588,15.493670886075947,48.529411764705884,36.151898734177216,0,1,0,1013,pass,success,foot,183.0,Portugal,{},11.0,Bernardo Silva,Portugal,0.005701950751245022,0.0011480461107566953,-0.001538267359137535,-0.00013180298265069723,
138,00:38:59.200,José Fonte,Raphaël Guerreiro,7576,1,2339.0,780,3960,48.529411764705884,38.734177215189874,62.64705882352941,64.55696202531645,0,1,0,1015,pass,success,foot,183.0,Portugal,{},6.0,José Fonte,Portugal,0.008767149411141872,0.0007853291463106871,0.002190715167671442,0.0007927495753392577,0.0029834647430106997
139,00:39:01.480,Raphaël Guerreiro,Bruno Fernandes,7576,1,2341.0,780,5209,66.17647058823529,63.69620253164557,77.64705882352942,64.55696202531645,0,1,0,1017,pass,success,foot,183.0,Portugal,{},5.0,Raphaël Guerreiro,Portugal,0.012713691219687462,0.0006987495580688119,0.0040491195395588875,9.053823305293918e-05,0.004139657772611827
140,00:39:03.600,Bruno Fernandes,Raphaël Guerreiro,7576,1,2343.0,780,5204,77.64705882352942,64.55696202531645,69.70588235294117,64.55696202531645,0,1,0,1019,pass,success,foot,183.0,Portugal,{},16.0,Bruno Fernandes,Portugal,0.006769597064703703,0.0006942581967450678,-0.0036965706385672092,9.502959437668324e-05,
141,00:39:05.120,Raphaël Guerreiro,Cristiano Ronaldo,7576,1,2345.0,780,5209,67.05882352941175,63.69620253164557,70.58823529411765,52.50632911392405,0,1,0,1021,pass,success,foot,183.0,Portugal,{},5.0,Raphaël Guerreiro,Portugal,0.012713691219687462,0.0007873864378780127,0.00641509797424078,3.0297029297798872e-05,0.006445395003538579
142,00:39:06.093,Cristiano Ronaldo,William Carvalho,7576,1,2346.0,780,5207,70.58823529411765,52.50632911392405,61.76470588235294,54.22784810126582,0,1,0,1022,pass,success,foot,183.0,Portugal,{},7.0,Cristiano Ronaldo,Portugal,0.007012615446001291,0.0008552325889468193,-0.005701075773686171,-6.784615106880665e-05,
143,00:39:07.573,William Carvalho,Bernardo Silva,7576,1,2347.0,780,5214,61.76470588235294,54.22784810126582,62.64705882352941,39.59493670886076,0,1,0,1023,pass,success,foot,183.0,Portugal,{},14.0,William Carvalho,Portugal,0.011437959037721157,0.0009988810634240508,0.004425343591719866,-0.0001436484744772315,0.004281695117242634
144,00:39:11.600,Bernardo Silva,William Carvalho,7576,1,2351.0,780,3193,61.76470588235294,42.177215189873415,59.11764705882353,48.20253164556962,0,1,0,1025,pass,success,foot,183.0,Portugal,{},11.0,Bernardo Silva,Portugal,0.006955800577998161,0.0010153914336115122,-0.002737581729888916,0.00011735665611922741,
145,00:39:13.240,William Carvalho,Bruno Fernandes,7576,1,2353.0,780,5214,59.11764705882353,48.20253164556962,77.64705882352942,65.41772151898734,0,1,0,1027,pass,success,foot,183.0,Portugal,{},14.0,William Carvalho,Portugal,0.014130973257124424,0.0007853291463106871,0.006425860337913036,0.00048273743595927954,0.006908597773872316
146,00:39:17.040,Bruno Fernandes,William Carvalho,7576,1,2357.0,780,5204,75.0,63.69620253164557,64.41176470588236,57.67088607594937,0,1,0,1029,pass,success,foot,183.0,Portugal,{},16.0,Bruno Fernandes,Portugal,0.006769597064703703,0.0007823256892152131,-0.0024318057112395763,3.535777796059847e-05,
147,00:39:20.080,William Carvalho,Pepe,7576,1,2360.0,780,5214,60.88235294117648,51.64556962025316,47.64705882352941,30.126582278481017,0,1,0,1031,pass,success,foot,183.0,Portugal,{},14.0,William Carvalho,Portugal,0.005518401972949505,0.0011480461107566953,-0.0012758532539010048,-2.97880033031106e-05,
148,00:39:27.320,Pepe,José Fonte,7576,1,2367.0,780,20016,50.294117647058826,38.734177215189874,46.76470588235294,53.36708860759494,0,1,0,1033,pass,success,foot,183.0,Portugal,{},3.0,Pepe,Portugal,0.004603736102581024,0.0010928779374808073,-0.0033904723823070526,0.0003428278723731637,
149,00:39:49.440,Raphaël Guerreiro,Gonçalo Guedes,7576,1,2389.0,780,5209,68.82352941176471,68.0,70.58823529411765,62.835443037974684,2,1,0,1036,throw_in,success,foot,183.0,Portugal,{},5.0,Raphaël Guerreiro,Portugal,0.006431051064282656,0.0007369445520453155,0.006431051064282656,-0.0007369445520453155,0.00569410651223734
150,00:39:51.160,Gonçalo Guedes,Raphaël Guerreiro,7576,1,2391.0,780,4367,69.70588235294117,61.9746835443038,68.82352941176471,64.55696202531645,0,1,2,1038,pass,success,other,183.0,Portugal,{},17.0,Gonçalo Guedes,Portugal,0.006659720093011856,0.0006957039586268365,-0.0006166915409266949,0.0001898194313980639,
151,00:42:45.080,Rui Patrício,Cristiano Ronaldo,7576,1,2565.0,780,5205,13.235294117647058,36.151898734177216,38.82352941176471,32.708860759493675,0,1,2,1100,pass,success,other,183.0,Portugal,{},1.0,Rui Patrício,Portugal,0.006528113037347794,0.002011315431445837,0.001872253604233265,0.0019772369414567947,0.0038494905456900597
152,00:42:50.040,Cristiano Ronaldo,Raphaël Guerreiro,7576,1,2570.0,780,5207,59.11764705882353,30.9873417721519,79.41176470588235,64.55696202531645,0,1,0,1102,pass,success,foot,183.0,Portugal,{},7.0,Cristiano Ronaldo,Portugal,0.014512184076011181,0.0007399183232337236,0.00296967476606369,0.0005985364550724626,0.0035682112211361527
153,00:42:57.320,Raphaël Guerreiro,Bruno Fernandes,7576,1,2577.0,780,5209,83.82352941176471,57.67088607594937,80.29411764705881,47.34177215189874,0,1,0,1104,pass,success,foot,183.0,Portugal,{},5.0,Raphaël Guerreiro,Portugal,0.020427905023097992,0.0010225557489320636,0.0005831774324178696,-4.3865409679710865e-05,0.0005393120227381587
154,00:43:00.160,Bruno Fernandes,William Carvalho,7576,1,2580.0,780,5204,75.88235294117646,47.34177215189874,68.82352941176471,35.291139240506325,0,1,0,1106,pass,success,foot,183.0,Portugal,{},16.0,Bruno Fernandes,Portugal,0.01399947889149189,0.000992462271824479,-0.003687715157866478,7.83188734203577e-05,
155,00:43:01.960,William Carvalho,Gonçalo Guedes,7576,1,2581.0,780,5214,69.70588235294117,34.43037974683544,75.0,24.10126582278481,0,1,0,1108,pass,success,foot,183.0,Portugal,{},14.0,William Carvalho,Portugal,0.025588542222976685,0.000986541504971683,0.008430089801549911,0.00027459440752863884,0.00870468420907855
156,00:43:02.960,Gonçalo Guedes,William Carvalho,7576,1,2582.0,780,4367,75.0,24.10126582278481,69.70588235294117,33.56962025316456,0,1,0,1109,pass,success,foot,183.0,Portugal,{},17.0,Gonçalo Guedes,Portugal,0.014566224068403244,0.001008680323138833,-0.01102231815457344,-2.213881816715002e-05,
157,00:43:04.800,William Carvalho,Bernardo Silva,7576,1,2584.0,780,5214,68.82352941176471,24.10126582278481,81.1764705882353,0.8607594936708836,0,1,0,1111,pass,success,foot,183.0,Portugal,{},14.0,William Carvalho,Portugal,0.013627595268189907,0.000876434613019228,0.0008428366854786873,0.0002837014617398381,0.0011265381472185254
158,00:43:12.960,Bernardo Silva,Cédric Soares,7576,1,2592.0,780,3193,85.58823529411765,10.329113924050638,93.52941176470588,2.5822784810126507,0,1,0,1113,pass,success,foot,183.0,Portugal,{},11.0,Bernardo Silva,Portugal,0.017652243375778198,0.0007544074906036258,-0.005346531048417091,0.00021487846970558167,
159,00:43:24.880,William Carvalho,Cédric Soares,7576,1,2604.0,780,5214,76.76470588235294,12.911392405063289,67.94117647058823,6.025316455696206,0,1,1,1118,pass,success,head,183.0,Portugal,{},14.0,William Carvalho,Portugal,0.007169737014919519,0.0007748067728243768,-0.004006707575172186,0.00225474318722263,
160,00:43:27.000,Cédric Soares,Pepe,7576,1,2607.0,780,3329,67.94117647058823,6.025316455696206,57.35294117647058,18.075949367088604,0,1,0,1120,pass,success,foot,183.0,Portugal,{},21.0,Cédric Soares,Portugal,0.00629884097725153,0.0009955894201993942,-0.0015859855338931084,-0.00011473736958578229,
161,00:43:32.000,Pepe,Gonçalo Guedes,7576,1,2612.0,780,20016,55.588235294117645,2.5822784810126507,83.82352941176471,23.240506329113927,0,1,0,1122,pass,success,foot,183.0,Portugal,{},3.0,Pepe,Portugal,0.04279441013932228,0.0010224228026345372,0.037709818221628666,0.00023389351554214954,0.037943711737170815
162,00:00:00.001,Cristiano Ronaldo,João Moutinho,7576,2,0.0,780,5207,52.05882352941177,34.43037974683544,45.0,37.87341772151899,0,1,0,1148,pass,success,foot,183.0,Portugal,{},7.0,Cristiano Ronaldo,Portugal,0.0049461666494607925,0.0008949656621553004,0.0049461666494607925,-0.0008949656621553004,0.004051200987305492
163,00:00:01.480,João Moutinho,Raphaël Guerreiro,7576,2,1.0,780,3168,47.64705882352941,40.45569620253164,44.11764705882353,66.27848101265823,0,1,0,1150,pass,success,foot,183.0,Portugal,{},8.0,João Moutinho,Portugal,0.003868347266688943,0.0007656497764401138,-0.003737108549103141,0.0003419365384615958,
164,00:00:04.400,Raphaël Guerreiro,João Moutinho,7576,2,4.0,780,5209,45.88235294117647,66.27848101265823,44.11764705882353,52.50632911392405,0,1,0,1152,pass,success,foot,183.0,Portugal,{},5.0,Raphaël Guerreiro,Portugal,0.004397648852318525,0.0008315099403262138,-0.0012650778517127037,0.00017030839808285236,
165,00:00:05.680,João Moutinho,José Fonte,7576,2,5.0,780,3168,44.11764705882353,52.50632911392405,29.117647058823533,60.25316455696203,0,1,0,1153,pass,success,foot,183.0,Portugal,{},8.0,João Moutinho,Portugal,0.0028180559165775776,0.0014114858349785209,-0.0015795929357409477,-0.000579975894652307,
166,00:00:20.680,Raphaël Guerreiro,Bruno Fernandes,7576,2,20.0,780,5209,43.23529411764706,68.0,53.8235294117647,65.41772151898734,2,1,0,1156,throw_in,success,foot,183.0,Portugal,{},5.0,Raphaël Guerreiro,Portugal,0.004114561714231968,0.0007565146661363542,0.004114561714231968,-0.0007565146661363542,0.0033580470480956137
167,00:00:21.800,Bruno Fernandes,Cristiano Ronaldo,7576,2,21.0,780,5204,53.8235294117647,65.41772151898734,60.88235294117648,63.69620253164557,0,1,0,1157,pass,success,foot,183.0,Portugal,{},16.0,Bruno Fernandes,Portugal,0.008054425939917564,0.0007291255751624703,0.0039398642256855965,2.7389090973883867e-05,0.00396725331665948
168,00:02:30.720,William Carvalho,José Fonte,7576,2,150.0,780,5214,48.529411764705884,49.063291139240505,39.705882352941174,58.53164556962025,0,1,0,1222,pass,success,foot,183.0,Portugal,{},14.0,William Carvalho,Portugal,0.003548643784597516,0.0009543397463858128,-0.001838958589360118,0.00017835770267993212,
169,00:02:32.440,José Fonte,Rui Patrício,7576,2,152.0,780,3960,39.705882352941174,58.53164556962025,11.470588235294118,38.734177215189874,0,1,0,1224,pass,success,foot,183.0,Portugal,{},6.0,José Fonte,Portugal,0.002555791987106204,0.0031058385502547026,-0.0015625737141817808,-0.0017784604569897056,
170,00:03:28.840,Bernardo Silva,Cristiano Ronaldo,7576,2,208.0,780,3193,34.411764705882355,8.607594936708864,71.47058823529412,19.79746835443038,0,1,0,1254,pass,success,foot,183.0,Portugal,{},11.0,Bernardo Silva,Portugal,0.019781261682510376,0.0007831968832761049,0.015589968301355839,0.0009631102439016104,0.01655307854525745
171,00:03:35.360,Cristiano Ronaldo,Bernardo Silva,7576,2,215.0,780,5207,79.41176470588235,11.189873417721515,81.1764705882353,2.5822784810126507,0,1,0,1256,pass,success,foot,183.0,Portugal,{},7.0,Cristiano Ronaldo,Portugal,0.012803862802684307,0.0006805352168157697,-0.009256076999008656,0.00016536808107048273,
172,00:03:39.200,Bernardo Silva,William Carvalho,7576,2,219.0,780,3193,81.1764705882353,3.4430379746835484,74.11764705882354,21.518987341772153,0,1,0,1258,pass,success,foot,183.0,Portugal,{},11.0,Bernardo Silva,Portugal,0.015624994412064552,0.0007036035531200469,0.004330766387283802,6.511161336675286e-05,0.004395878000650555
173,00:03:41.320,William Carvalho,Raphaël Guerreiro,7576,2,221.0,780,5214,75.0,28.405063291139243,82.05882352941177,54.22784810126582,0,1,0,1260,pass,success,foot,183.0,Portugal,{},14.0,William Carvalho,Portugal,0.02683536522090435,0.0007561431266367435,0.00286763533949852,0.00017461535753682256,0.0030422506970353425
174,00:04:35.320,Cédric Soares,Bernardo Silva,7576,2,273.5,780,3329,27.35294117647059,40.45569620253164,22.058823529411764,20.658227848101262,21,1,0,1287,dribble,success,foot,183.0,Portugal,{},21.0,Cédric Soares,Portugal,0.002798030385747552,0.0022222658153623343,0.0006616506725549698,0.005881741875782609,0.006543392548337579
175,00:04:35.320,Cédric Soares,Bernardo Silva,7576,2,275.0,780,3329,22.058823529411764,20.658227848101262,28.235294117647058,20.658227848101262,0,1,1,1288,pass,success,head,183.0,Portugal,{},21.0,Cédric Soares,Portugal,0.0045186919160187244,0.0015943250618875027,0.0017206615302711725,0.0006279407534748316,0.002348602283746004
176,00:04:36.493,Bernardo Silva,Gonçalo Guedes,7576,2,276.0,780,3193,28.235294117647058,20.658227848101262,45.88235294117647,35.291139240506325,0,1,0,1289,pass,success,foot,183.0,Portugal,{},11.0,Bernardo Silva,Portugal,0.007118054665625095,0.0009424646850675344,0.002599362749606371,0.0006518603768199682,0.003251223126426339
177,00:04:41.240,Cédric Soares,William Carvalho,7576,2,281.0,780,3329,34.411764705882355,23.240506329113927,35.294117647058826,31.84810126582279,0,1,0,1293,pass,success,foot,183.0,Portugal,{},21.0,Cédric Soares,Portugal,0.004727083723992109,0.0011291374685242772,0.000478881411254406,0.0033004264114424586,0.0037793078226968646
178,00:04:43.120,William Carvalho,João Moutinho,7576,2,283.0,780,5214,35.294117647058826,33.56962025316456,24.705882352941178,39.59493670886076,0,1,0,1294,pass,success,foot,183.0,Portugal,{},14.0,William Carvalho,Portugal,0.003257056465372443,0.001704186899587512,-0.001470027258619666,-0.0005750494310632348,
179,00:04:45.880,João Moutinho,Raphaël Guerreiro,7576,2,285.0,780,3168,24.705882352941178,39.59493670886076,30.0,65.41772151898734,0,1,0,1295,pass,success,foot,183.0,Portugal,{},8.0,João Moutinho,Portugal,0.0036606669891625643,0.0014692001277580857,0.0004036105237901211,0.0002349867718294263,0.0006385972956195474
180,00:07:10.080,Cédric Soares,Pepe,7576,2,430.0,780,3329,46.76470588235294,8.607594936708864,34.411764705882355,18.075949367088604,0,1,0,1395,pass,success,foot,183.0,Portugal,{},21.0,Cédric Soares,Portugal,0.0036610011011362076,0.0012678353814408183,-0.0015629562549293041,-0.000140546471811831,
181,00:09:55.160,João Moutinho,Raphaël Guerreiro,7576,2,595.0,780,3168,45.0,41.31645569620253,47.64705882352941,67.13924050632912,0,1,0,1434,pass,success,foot,183.0,Portugal,{},8.0,João Moutinho,Portugal,0.005933751817792654,0.0009412290528416634,0.005933751817792654,-0.0009412290528416634,0.004992522764950991
182,00:10:12.000,Raphaël Guerreiro,Cristiano Ronaldo,7576,2,612.0,780,5209,56.470588235294116,67.13924050632912,63.52941176470588,65.41772151898734,2,1,0,1438,throw_in,success,foot,183.0,Portugal,{},5.0,Raphaël Guerreiro,Portugal,0.005534117575734854,0.0007689177291467786,0.005534117575734854,-0.0007689177291467786,0.004765199846588075
183,00:10:12.600,Cristiano Ronaldo,Raphaël Guerreiro,7576,2,612.0,780,5207,63.52941176470588,65.41772151898734,57.35294117647058,67.13924050632912,0,1,0,1439,pass,success,foot,183.0,Portugal,{},7.0,Cristiano Ronaldo,Portugal,0.005136559251695871,0.0008519181865267456,-0.0003975583240389824,-8.300045737996697e-05,
184,00:10:29.800,Raphaël Guerreiro,Cristiano Ronaldo,7576,2,629.0,780,5209,61.76470588235294,68.0,70.58823529411765,65.41772151898734,2,1,0,1443,throw_in,success,foot,183.0,Portugal,{},5.0,Raphaël Guerreiro,Portugal,0.006303342990577221,0.0006987495580688119,0.006303342990577221,-0.0006987495580688119,0.005604593432508409
185,00:10:30.840,Cristiano Ronaldo,Raphaël Guerreiro,7576,2,630.0,780,5207,70.58823529411765,65.41772151898734,62.64705882352941,67.13924050632912,0,1,0,1444,pass,success,foot,183.0,Portugal,{},7.0,Cristiano Ronaldo,Portugal,0.005863814614713192,0.0006942581967450678,-0.00043952837586402893,4.491361323744059e-06,
186,00:10:31.573,Raphaël Guerreiro,João Moutinho,7576,2,631.0,780,5209,64.41176470588236,67.13924050632912,60.0,59.392405063291136,0,1,0,1445,pass,success,foot,183.0,Portugal,{},5.0,Raphaël Guerreiro,Portugal,0.006153120659291744,0.0007823256892152131,0.00028930604457855225,-8.806749247014523e-05,0.00020123855210840702
187,00:10:33.440,João Moutinho,Cristiano Ronaldo,7576,2,633.0,780,3168,61.76470588235294,55.949367088607595,69.70588235294117,55.949367088607595,0,1,0,1447,pass,success,foot,183.0,Portugal,{},8.0,João Moutinho,Portugal,0.013765671290457249,0.0008664477500133216,0.005097593180835247,0.00016715755918994546,0.0052647507400251925
188,00:10:34.920,Cristiano Ronaldo,Raphaël Guerreiro,7576,2,634.0,780,5207,69.70588235294117,55.949367088607595,55.588235294117645,68.0,0,1,1,1448,pass,success,head,183.0,Portugal,{},7.0,Cristiano Ronaldo,Portugal,0.004481620620936155,0.0008989032357931137,-0.009284050669521093,-3.245548577979207e-05,
189,00:10:37.680,Raphaël Guerreiro,Cristiano Ronaldo,7576,2,637.0,780,5209,55.588235294117645,68.0,70.58823529411765,56.810126582278485,0,1,0,1449,pass,success,foot,183.0,Portugal,{},5.0,Raphaël Guerreiro,Portugal,0.012713691219687462,0.0008664477500133216,0.008232070598751307,3.245548577979207e-05,0.008264526084531099
190,00:10:39.480,Cristiano Ronaldo,Gonçalo Guedes,7576,2,639.0,780,5207,70.58823529411765,56.810126582278485,81.1764705882353,52.50632911392405,0,1,0,1450,pass,success,foot,183.0,Portugal,{},7.0,Cristiano Ronaldo,Portugal,0.02247544191777706,0.0008664477500133216,0.0097617506980896,-0.0,0.0097617506980896
191,00:11:48.160,Bernardo Silva,Cristiano Ronaldo,7576,2,708.0,780,3193,37.94117647058823,25.822784810126585,52.94117647058823,29.265822784810126,0,1,1,1481,pass,success,head,183.0,Portugal,{},11.0,Bernardo Silva,Portugal,0.009218393824994564,0.0011143607553094625,0.005487951450049877,0.00290313852019608,0.008391089970245957
192,00:11:50.080,Cristiano Ronaldo,William Carvalho,7576,2,710.0,780,5207,49.411764705882355,27.54430379746836,45.88235294117647,29.265822784810126,0,1,0,1483,pass,success,foot,183.0,Portugal,{},7.0,Cristiano Ronaldo,Portugal,0.0049461666494607925,0.0011278119636699557,-0.0009109559468924999,0.00035951053723692894,
193,00:13:29.080,Bernardo Silva,José Fonte,7576,2,809.0,780,3193,49.411764705882355,5.164556962025316,37.94117647058823,37.87341772151899,0,1,0,1514,pass,success,foot,183.0,Portugal,{},11.0,Bernardo Silva,Portugal,0.0041918386705219746,0.0018912130035459995,0.0041918386705219746,-0.0018912130035459995,0.002300625666975975
194,00:13:39.320,José Fonte,João Moutinho,7576,2,819.0,780,3960,38.82352941176471,45.620253164556964,41.470588235294116,44.75949367088607,4,1,0,1517,freekick_short,success,foot,183.0,Portugal,{},6.0,José Fonte,Portugal,0.00519314082339406,0.001608758931979537,-5.7151541113853455e-05,0.0018023888114839792,0.0017452372703701258
195,00:13:40.880,João Moutinho,Cristiano Ronaldo,7576,2,820.0,780,3168,45.0,45.620253164556964,56.470588235294116,49.924050632911396,0,1,0,1519,pass,success,foot,183.0,Portugal,{},8.0,João Moutinho,Portugal,0.00805511511862278,0.0014565602177754045,0.0021196133457124233,0.00034748867619782686,0.00246710202191025
196,00:14:35.120,Raphaël Guerreiro,Bruno Fernandes,7576,2,875.0,780,5209,78.52941176470588,55.088607594936704,77.64705882352942,49.924050632911396,0,1,0,1525,pass,success,foot,183.0,Portugal,{},5.0,Raphaël Guerreiro,Portugal,0.013752451166510582,0.0010001728078350425,0.005716169252991676,0.0023348714457824826,0.008051040698774159
197,00:15:38.000,Pepe,Cristiano Ronaldo,7576,2,938.0,780,20016,56.470588235294116,1.7215189873417671,83.82352941176471,21.518987341772153,0,1,1,1536,pass,success,head,183.0,Portugal,{},3.0,Pepe,Portugal,0.029862133786082268,0.0011931838234886527,0.026594391092658043,0.0009222397347912192,0.027516630827449262
198,00:15:58.680,Cédric Soares,Bernardo Silva,7576,2,958.0,780,3329,84.70588235294117,0.0,89.11764705882352,10.329113924050638,2,1,0,1539,throw_in,success,foot,183.0,Portugal,{},21.0,Cédric Soares,Portugal,0.015343282371759415,0.0011817169142886996,0.015343282371759415,-0.0011817169142886996,0.014161565457470715
199,00:16:32.280,Cristiano Ronaldo,Bruno Fernandes,7576,2,992.0,780,5207,81.1764705882353,52.50632911392405,91.76470588235294,55.949367088607595,0,1,0,1554,pass,success,foot,183.0,Portugal,{},7.0,Cristiano Ronaldo,Portugal,0.02670448087155819,0.0011931799817830324,0.00878407433629036,-0.0001642719144001603,0.0086198024218902
200,00:17:04.320,João Moutinho,Gonçalo Guedes,7576,2,1024.0,780,3168,105.0,68.0,97.94117647058823,23.240506329113927,5,1,0,1558,corner_crossed,success,foot,183.0,Portugal,{},8.0,João Moutinho,Portugal,0.06936337053775787,0.001061212969943881,0.022863370537757874,-0.001061212969943881,0.021802157567813993
201,00:17:06.960,Gonçalo Guedes,José Fonte,7576,2,1026.0,780,4367,97.94117647058823,23.240506329113927,92.6470588235294,30.9873417721519,0,1,1,1559,pass,success,head,183.0,Portugal,{},17.0,Gonçalo Guedes,Portugal,0.10385335981845856,0.0012805466540157795,0.034489989280700684,-0.00021933368407189846,0.034270655596628785
202,00:19:12.360,Rui Patrício,Cédric Soares,7576,2,1152.0,780,5205,6.176470588235294,32.708860759493675,14.117647058823529,12.911392405063289,0,1,2,1621,pass,success,other,183.0,Portugal,{},1.0,Rui Patrício,Portugal,0.0031544859521090984,0.0034362401347607374,-0.00035227183252573013,0.0028658665250986814,0.0025135946925729513
203,00:19:15.320,Cédric Soares,William Carvalho,7576,2,1155.0,780,3329,16.76470588235294,12.050632911392398,23.823529411764707,20.658227848101262,0,1,0,1623,pass,success,foot,183.0,Portugal,{},21.0,Cédric Soares,Portugal,0.0030725232791155577,0.00276383850723505,0.00016763131134212017,0.000999109586700797,0.0011667408980429173
204,00:19:17.240,William Carvalho,João Moutinho,7576,2,1157.0,780,5214,24.705882352941178,21.518987341772153,23.823529411764707,34.43037974683544,0,1,0,1625,pass,success,foot,183.0,Portugal,{},14.0,William Carvalho,Portugal,0.002618333324790001,0.0030152632389217615,-0.00030186562798917294,-1.4547491446137428e-05,
205,00:19:21.080,João Moutinho,Cédric Soares,7576,2,1161.0,780,3168,24.705882352941178,20.658227848101262,24.705882352941178,2.5822784810126507,0,1,0,1627,pass,success,foot,183.0,Portugal,{},8.0,João Moutinho,Portugal,0.0026822176296263933,0.002165703335776925,-0.00057643698528409,0.001043402124196291,0.00046696513891220093
206,00:19:54.600,José Fonte,Raphaël Guerreiro,7576,2,1194.0,780,3960,22.941176470588236,67.13924050632912,33.52941176470588,67.13924050632912,0,1,0,1643,pass,success,foot,183.0,Portugal,{},6.0,José Fonte,Portugal,0.0033730857539922,0.00184337527025491,0.001105411909520626,0.0010315506951883435,0.0021369626047089696
207,00:19:55.640,Raphaël Guerreiro,Rui Patrício,7576,2,1195.0,780,5209,33.52941176470588,67.13924050632912,6.176470588235294,43.037974683544306,0,1,0,1644,pass,success,foot,183.0,Portugal,{},5.0,Raphaël Guerreiro,Portugal,0.0022998389322310686,0.003860762342810631,-0.0010732468217611313,-0.002017387072555721,
208,00:19:58.880,Rui Patrício,Pepe,7576,2,1198.0,780,5205,7.0588235294117645,39.59493670886076,17.647058823529413,37.01265822784811,0,1,0,1646,pass,success,foot,183.0,Portugal,{},1.0,Rui Patrício,Portugal,0.0032556524965912104,0.003691996680572629,0.0005558400880545378,0.0009005262982100248,0.0014563663862645626
209,00:20:01.800,Pepe,William Carvalho,7576,2,1201.0,780,20016,22.058823529411764,36.151898734177216,32.64705882352941,37.01265822784811,0,1,0,1648,pass,success,foot,183.0,Portugal,{},3.0,Pepe,Portugal,0.004477423150092363,0.0028623503167182207,0.001154848374426365,0.0009371014311909676,0.0020919498056173325
210,00:20:05.160,William Carvalho,João Moutinho,7576,2,1205.0,780,5214,39.705882352941174,36.151898734177216,45.88235294117647,39.59493670886076,0,1,0,1650,pass,success,foot,183.0,Portugal,{},14.0,William Carvalho,Portugal,0.006019377615302801,0.001561193261295557,0.0005184393376111984,0.0006379245314747095,0.001156363869085908
211,00:20:11.360,João Moutinho,Pepe,7576,2,1211.0,780,3168,52.94117647058823,30.9873417721519,49.411764705882355,18.936708860759495,0,1,0,1652,pass,success,foot,183.0,Portugal,{},8.0,João Moutinho,Portugal,0.005353255197405815,0.0014067842857912183,-0.003069286234676838,0.0001985081471502781,
212,00:20:15.640,Pepe,Raphaël Guerreiro,7576,2,1215.0,780,20016,55.588235294117645,16.35443037974683,79.41176470588235,68.0,0,1,0,1654,pass,success,foot,183.0,Portugal,{},3.0,Pepe,Portugal,0.01100753154605627,0.0008578732958994806,0.003506374079734087,0.0006044037290848792,0.004110777808818966
213,00:20:25.920,Bruno Fernandes,João Moutinho,7576,2,1225.0,780,5204,68.82352941176471,37.87341772151899,63.52941176470588,29.265822784810126,0,1,0,1658,pass,success,foot,183.0,Portugal,{},16.0,Bruno Fernandes,Portugal,0.010263016447424889,0.001205582288093865,-0.0015540895983576775,1.2976001016795635e-05,
214,00:20:28.920,João Moutinho,Cédric Soares,7576,2,1228.0,780,3168,65.29411764705883,26.68354430379747,72.3529411764706,8.607594936708864,0,1,0,1660,pass,success,foot,183.0,Portugal,{},8.0,João Moutinho,Portugal,0.01275066751986742,0.001016130205243826,0.00029792357236146927,0.0002794484607875347,0.000577372033149004
215,00:20:31.320,Cédric Soares,Bernardo Silva,7576,2,1231.0,780,3329,73.23529411764706,5.164556962025316,77.64705882352942,12.050632911392398,0,1,0,1662,pass,success,foot,183.0,Portugal,{},21.0,Cédric Soares,Portugal,0.01665796898305416,0.0009041287703439593,0.007291363552212715,2.192560350522399e-05,0.007313289155717939
216,00:20:32.840,Bernardo Silva,Cédric Soares,7576,2,1232.0,780,3193,77.64705882352942,12.050632911392398,73.23529411764706,3.4430379746835484,0,1,0,1664,pass,success,foot,183.0,Portugal,{},11.0,Bernardo Silva,Portugal,0.008237051777541637,0.000898318481631577,-0.0063134729862213135,2.7735892217606306e-05,
217,00:20:34.920,Cédric Soares,Pepe,7576,2,1234.0,780,3329,68.82352941176471,3.4430379746835484,53.8235294117647,19.79746835443038,0,1,0,1666,pass,success,foot,183.0,Portugal,{},21.0,Cédric Soares,Portugal,0.005877991672605276,0.0012348131276667118,-0.0005350778810679913,-0.0002754474990069866,
218,00:20:37.720,Pepe,William Carvalho,7576,2,1237.0,780,20016,52.94117647058823,22.379746835443036,63.52941176470588,29.265822784810126,0,1,0,1668,pass,success,foot,183.0,Portugal,{},3.0,Pepe,Portugal,0.01275066751986742,0.0012133775744587183,0.006555079482495785,0.00041400024201720953,0.006969079724512994
219,00:20:39.200,William Carvalho,João Moutinho,7576,2,1239.0,780,5214,63.52941176470588,29.265822784810126,63.52941176470588,19.79746835443038,0,1,0,1670,pass,success,foot,183.0,Portugal,{},14.0,William Carvalho,Portugal,0.009822358377277851,0.0012120162136852741,-0.0011771460995078087,3.798364195972681e-05,
220,00:20:40.840,João Moutinho,Bernardo Silva,7576,2,1240.0,780,3168,61.76470588235294,21.518987341772153,73.23529411764706,14.632911392405063,0,1,0,1672,pass,success,foot,183.0,Portugal,{},8.0,João Moutinho,Portugal,0.014025013893842697,0.001025988720357418,0.006342784501612186,0.0003227067645639181,0.0066654912661761045
221,00:21:03.520,José Fonte,Rui Patrício,7576,2,1263.0,780,3960,22.058823529411764,32.708860759493675,8.823529411764707,43.89873417721519,0,1,0,1686,pass,success,foot,183.0,Portugal,{},6.0,José Fonte,Portugal,0.002585084643214941,0.004928610287606716,-0.0001859995536506176,0.004586920142173767,0.0044009205885231495
222,00:21:10.840,Rui Patrício,Pepe,7576,2,1270.0,780,5205,8.823529411764707,38.734177215189874,21.176470588235293,24.10126582278481,0,1,0,1688,pass,success,foot,183.0,Portugal,{},1.0,Rui Patrício,Portugal,0.0032556524965912104,0.003276781877502799,0.00060794479213655,0.0011918803211301565,0.0017998251132667065
223,00:21:14.920,Pepe,João Moutinho,7576,2,1274.0,780,20016,24.705882352941178,24.10126582278481,35.294117647058826,24.962025316455694,0,1,0,1690,pass,success,foot,183.0,Portugal,{},3.0,Pepe,Portugal,0.004477423150092363,0.002116459421813488,0.0012344110291451216,0.0010997604113072157,0.0023341714404523373
224,00:21:21.840,João Moutinho,Pepe,7576,2,1281.0,780,3168,40.58823529411765,24.10126582278481,33.52941176470588,22.379746835443036,0,1,0,1692,pass,success,foot,183.0,Portugal,{},8.0,João Moutinho,Portugal,0.00354662979952991,0.0021718039643019438,-0.0019543084781616926,-0.00026460131630301476,
225,00:21:24.640,Pepe,Cristiano Ronaldo,7576,2,1284.0,780,20016,42.35294117647059,18.936708860759495,76.76470588235294,64.55696202531645,0,1,0,1694,pass,success,foot,183.0,Portugal,{},3.0,Pepe,Portugal,0.012324944138526917,0.0008578732958994806,0.0069400854408741,0.0011188244097866118,0.008058909850660712
226,00:21:33.800,Cristiano Ronaldo,William Carvalho,7576,2,1293.0,780,5207,90.0,68.0,69.70588235294117,55.949367088607595,2,1,0,1697,throw_in,success,foot,183.0,Portugal,{},7.0,Cristiano Ronaldo,Portugal,0.006215455010533333,0.0011906338622793555,-0.0025829533115029335,0.0005947914905846119,
227,00:21:38.080,William Carvalho,João Moutinho,7576,2,1298.0,780,5214,69.70588235294117,55.949367088607595,67.94117647058823,37.01265822784811,0,1,0,1699,pass,success,foot,183.0,Portugal,{},14.0,William Carvalho,Portugal,0.01094144955277443,0.001180398976430297,0.000907030887901783,-0.00015148741658776999,0.000755543471314013
228,00:21:42.200,João Moutinho,Bernardo Silva,7576,2,1302.0,780,3168,73.23529411764706,37.87341772151899,67.94117647058823,30.9873417721519,0,1,0,1701,pass,success,foot,183.0,Portugal,{},8.0,João Moutinho,Portugal,0.011597094126045704,0.001205582288093865,-0.008304945193231106,4.441756755113602e-05,
229,00:21:44.200,Bernardo Silva,William Carvalho,7576,2,1304.0,780,3193,67.94117647058823,30.9873417721519,70.58823529411765,49.063291139240505,0,1,0,1703,pass,success,foot,183.0,Portugal,{},11.0,Bernardo Silva,Portugal,0.013604297302663326,0.0010644550202414393,0.0011761821806430817,0.0001855448354035616,0.0013617270160466433
230,00:21:46.080,William Carvalho,Raphaël Guerreiro,7576,2,1306.0,780,5214,71.47058823529412,49.924050632911396,90.88235294117648,67.13924050632912,0,1,0,1705,pass,success,foot,183.0,Portugal,{},14.0,William Carvalho,Portugal,0.015475885011255741,0.00088085001334548,0.0029151001945137978,0.00022897275630384684,0.0031440729508176446
231,00:21:49.880,Raphaël Guerreiro,William Carvalho,7576,2,1309.0,780,5209,88.23529411764706,59.392405063291136,76.76470588235294,52.50632911392405,0,1,0,1707,pass,success,foot,183.0,Portugal,{},5.0,Raphaël Guerreiro,Portugal,0.013664391823112965,0.000907034904230386,-0.0016961237415671349,0.00015888031339272857,
